{
  "roc_auc": 0.8115942028985508,
  "pr_auc": 0.7925912640738761,
  "ef1": 0.0,
  "ef5": 0.8194444444424299,
  "n_train": 210,
  "n_test": 59
}